iso_country,name,iata_code
US,Ocean Reef Club Airport,OCA
US,Crested Butte Airpark,CSE
US,Columbus Airport,CUS
US,LBJ Ranch Airport,JCY
US,Loring Seaplane Base,WLR
US,Nunapitchuk Airport,NUP
US,Port Alice Seaplane Base,PTC
US,Icy Bay Airport,ICY
US,Port Protection Seaplane Base,PPV
US,Kalakaket Creek AS Airport,KKK
US,Dunsmuir Muni-Mott Airport,MHS
US,Chase Field Industrial Airport,NIR
US,Grand Canyon Bar Ten Airstrip,GCT
US,Ellamar Seaplane Base,ELW
US,Lime Village Airport,LVD
US,Hog River Airport,HGZ
US,Ed-Air Airport,OTN
US,Telida Airport,TLF
US,Eagle Air Park,BZT
US,Entrance Island Seaplane Base,HBH
US,False Island Seaplane Base,FAK
US,Blakely Island Airport,BYW
US,Drift River Airport,DRF
US,Rinkenberger Restricted Landing Area,BDF
US,Tetlin Airport,TEH
US,Roy Otten Memorial Airfield,VRS
US,Golden Horn Lodge Seaplane Base,GDH
US,Atmautluak Airport,ATT
US,Livengood Camp Airport,LIV
US,Pedro Bay Airport,PDB
US,Ouzinkie Airport,KOZ
US,Tununak Airport,TNK
US,Hyder Seaplane Base,WHD
US,Minto Al Wright Airport,MNT
US,Tokeen Seaplane Base,TKI
US,Aleknagik / New Airport,WKK
US,Ketchikan Harbor Seaplane Base,WFB
US,Rollang Field,RFK
US,Naknek Airport,NNK
US,Lake Brooks Seaplane Base,BKF
US,Southern Seaplane Airport,BCS
US,Minute Man Air Field,MMN
US,Catalina Air-Sea Terminal Heliport,SPQ
US,East 34th Street Heliport,TSS
US,New York Skyports Inc Seaplane Base,NYS
US,Earl Henry Airport,BWL
US,Yes Bay Lodge Seaplane Base,WYB
US,Center Island Airport,CWS
US,Tatitlek Airport,TEK
US,Pine Island Airport,DUF
US,Stuart Island Airpark,SSW
US,Fort Bragg Airport,FOB
US,Port of Poulsbo Marina Moorage Seaplane Base,PUL
US,Century City Heliport,CCD
US,Meyers Chuck Seaplane Base,WMK
US,Maxson Airfield,AXB
US,Reese Airpark,REE
US,Waldron Airstrip,WDN
US,Whale Pass Seaplane Float Harbor Facility,WWP
US,Chuathbaluk Airport,CHU
US,Ugashik Airport,UGS
US,Recreation and Conference Center Heliport,JID
US,Philadelphia Seaplane Base,PSQ
US,Levelock Airport,KLL
US,Saginaw Seaplane Base,SGW
US,Tuntutuliak Airport,WTL
US,Twin Hills Airport,TWA
US,Chignik Lake Airport,KCQ
US,Chena Hot Springs Airport,CEX
US,Solomon State Field,SOL
US,Herendeen Bay Airport,HED
US,Taylor Airport,TWE
US,Tikchik Lodge Seaplane Base,KTH
US,Naukati Bay Seaplane Base,NKI
US,Candle 2 Airport,CDL
US,Amook Bay Seaplane Base,AOS
US,Boswell Bay Airport,BSW
US,Alitak Seaplane Base,ALZ
US,Girdwood-Alyeska Airport,AQY
US,Lava Falls Heliport,HAE
US,Baranof Warm Springs Float and Seaplane Base,BNF
US,Bartlett Cove Seaplane Base,BQV
US,Boundary Airport,BYA
US,Paradise Skypark Airport,PYS
US,Craig Seaplane Base,CGA
US,Circle Hot Springs Airport,CHP
US,Chomley Seaplane Base,CIV
US,Crooked Creek Airport,CKD
US,Crane Island Airstrip,CKR
US,Cordova Municipal Airport,CKU
US,Chicken Airport,CKX
US,Chitina Airport,CXC
US,Chatham Seaplane Base,CYM
US,Chisana Airport,CZN
US,Chistochina Airport,CZO
US,Canandaigua Airport,IUA
US,Delta Junction Airport,DJN
US,Dahl Creek Airport,DCK
US,Deer Harbor SPB,DHB
US,Diomede Heliport,DIO
US,Edna Bay Seaplane Base,EDA
US,Excursion Inlet Seaplane Base,EXI
US,Ranger Municipal Airport,RGR
US,Flat Airport,FLT
US,Goodnews Airport,GNU
US,Hanchey Army (Fort Rucker) Heliport,HEY
US,Tusi (Hunter Liggett) Army Heliport,HGT
US,Princeville Airport,HPV
US,Waikoloa Heliport,WKL
US,Healy Lake Airport,HKB
US,Hawk Inlet Seaplane Base,HWI
US,Hollis Clark Bay Seaplane Base,HYL
US,Quartz Creek Airport,JLA
US,Pentagon Army Heliport,JPN
US,West 30th Street Heliport,JRA
US,Downtown Manhattan Heliport,JRB
US,Animas Air Park,AMK
US,Broadus Airport,BDX
US,Eureka Airport,EUE
US,Jackpot Airport/Hayden Field,KPT
US,Rolla Downtown Airport,RLA
US,Elizabeth Field,FID
US,Humboldt Municipal Airport,HUD
US,Jefferson County International Airport,TWD
US,Kayenta Airport,MVM
US,Columbia County Airport,HCC
US,Ardmore Downtown Executive Airport,AHD
US,Grand Canyon West Airport,GCW
US,Lampson Field,CKE
US,Montague-Yreka Rohrer Field,ROF
US,Fremont County Airport,CNE
US,Rouses Point Seaplane Base,RSX
US,Cooperstown-Westville Airport,COP
US,Council Airport,CIL
US,Parlin Field,NWH
US,Iraan Municipal Airport,IRB
US,Garrett County Airport,ODM
US,Gansner Field,GNF
US,Chiloquin State Airport,CHZ
US,St. Mary's County Regional Airport,LTW
US,"Union County, Troy Shelton Field",USC
US,Arapahoe Municipal Airport,AHF
US,Princeton Airport,PCT
US,Calverton Executive Airpark,CTO
US,Grand Lake Regional Airport,NRI
US,Grants Pass Airport,GTP
US,Jerry Tyler Memorial Airport,NLE
US,Grand Coulee Dam Airport,GCD
US,Valle Airport,VLE
US,Perry-Foley Airport,FPY
US,Manti-Ephraim Airport,NTJ
US,Salina Gunnison Airport,SBO
US,Central Jersey Regional Airport,JVI
US,Eunice Airport,UCE
US,Gold Beach Municipal Airport,GOL
US,Kentland Municipal Airport,KKT
US,Prentice Airport,PRW
US,Maverick County Memorial International Airport,EGP
US,Boulder City Municipal Airport,BLD
US,Mesquite Airport,MFH
US,Iosco County Airport,ECA
US,Florence Municipal Airport,FMU
US,Anacortes Airport,OTS
US,Roosevelt Municipal Airport,ROL
US,Canton Municipal Airport,CTK
US,North Fork Valley Airport,WPO
US,Antlers Municipal Airport,ATE
US,Austin Airport,ASQ
US,Apalachicola Regional Airport,AAF
US,Lehigh Valley International Airport,ABE
US,Abilene Regional Airport,ABI
US,Albuquerque International Sunport,ABQ
US,Aberdeen Regional Airport,ABR
US,Southwest Georgia Regional Airport,ABY
US,Antrim County Airport,ACB
US,Nantucket Memorial Airport,ACK
US,Waco Regional Airport,ACT
US,California Redwood Coast-Humboldt County Airport,ACV
US,Atlantic City International Airport,ACY
US,Lenawee County Airport,ADG
US,Ada Regional Airport,ADT
US,Ardmore Municipal Airport,ADM
US,Addison Airport,ADS
US,Joint Base Andrews,ADW
US,Kake Seaplane Base,KAE
US,Albert Lea Municipal Airport,AEL
US,Alexandria International Airport,AEX
US,USAF Academy Airfield,AFF
US,Washington County Airport,WSG
US,Jaffrey Airfield Silver Ranch Airport,AFN
US,Afton Municipal Airport,AFO
US,Perot Field/Fort Worth Alliance Airport,AFW
US,Allegheny County Airport,AGC
US,Magnolia Municipal Airport / Ralph C Weiser Field,AGO
US,Augusta Regional At Bush Field,AGS
US,Amedee Army Air Field,AHC
US,Amery Municipal Airport,AHH
US,Athens Ben Epps Airport,AHN
US,Alliance Municipal Airport,AIA
US,Anderson Municipal Darlington Field,AID
US,Aiken Regional Airport,AIK
US,Atlantic Municipal Airport,AIO
US,George Downer Airport,AIV
US,Lee C Fine Memorial Airport,AIZ
US,Colorado Plains Regional Airport,AKO
US,Akron Fulton International Airport,AKC
US,Albany International Airport,ALB
US,Alice International Airport,ALI
US,Alamogordo White Sands Regional Airport,ALM
US,St Louis Regional Airport,ALN
US,Waterloo Regional Airport,ALO
US,San Luis Valley Regional Airport/Bergman Field,ALS
US,Walla Walla Regional Airport,ALW
US,Thomas C Russell Field,ALX
US,Rick Husband Amarillo International Airport,AMA
US,Gratiot Community Airport,AMN
US,Ames Municipal Airport,AMW
US,Anniston Regional Airport,ANB
US,Anderson Regional Airport,AND
US,Salida Airport - Harriet Alexander Field,SLT
US,Lee Airport,ANP
US,Tri State Steuben County Airport,ANQ
US,Ainsworth Regional Airport,ANW
US,Anthony Municipal Airport,ANY
US,Lima Allen County Airport,AOH
US,Altoona Blair County Airport,AOO
US,Centennial Airport,APA
US,Napa County Airport,APC
US,Naples Municipal Airport,APF
US,Phillips Army Air Field,APG
US,Mary Walker LZ Airport,APH
US,Alpena County Regional Airport,APN
US,Marion County Airport - Brown Field,APT
US,Apple Valley Airport,APV
US,Acadiana Regional Airport,ARA
US,Ann Arbor Municipal Airport,ARB
US,Walnut Ridge Regional Airport,ARG
US,Wharton Regional Airport,WHT
US,Aurora Municipal Airport,AUZ
US,Watertown International Airport,ART
US,Lakeland Airport Noble F Lee Memorial Field,ARV
US,Beaufort Executive Airport,BFT
US,Aspen-Pitkin County Airport (Sardy Field),ASE
US,Springdale Municipal Airport,SPZ
US,Nashua Airport / Boire Field,ASH
US,Harrison County Airport,ASL
US,Talladega Municipal Airport,ASN
US,Astoria Regional Airport,AST
US,John F Kennedy Memorial Airport,ASX
US,Ashley Municipal Airport,ASY
US,Hartsfield Jackson Atlanta International Airport,ATL
US,Artesia Municipal Airport,ATS
US,Appleton International Airport,ATW
US,Watertown Regional Airport,ATY
US,Augusta State Airport,AUG
US,Austin Municipal Airport,AUM
US,Auburn Municipal Airport,AUN
US,Auburn University Regional Airport,AUO
US,Austin Bergstrom International Airport,AUS
US,Wausau Downtown Airport,AUW
US,Asheville Regional Airport,AVL
US,Avon Park Executive Airport,AVO
US,Wilkes Barre Scranton International Airport,AVP
US,Marana Regional Airport,AVW
US,Catalina Airport,AVX
US,West Memphis Municipal Airport,AWM
US,Algona Municipal Airport,AXG
US,Chandler Field,AXN
US,Altus Quartz Mountain Regional Airport,AXS
US,Neil Armstrong Airport,AXV
US,Angel Fire Airport,AXX
US,Waycross Ware County Airport,AYS
US,Arnold Air Force Base,TUH
US,Kalamazoo Battle Creek International Airport,AZO
US,Beale Air Force Base,BAB
US,Barksdale Air Force Base,BAD
US,Westfield-Barnes Regional Airport,BAF
US,Columbus Municipal Airport,CLU
US,Battle Mountain Airport,BAM
US,Benson Municipal Airport,BBB
US,Curtis Field,BBD
US,Branson Airport,BKG
US,Marlboro County Jetport - H E Avent Field Airport,BTN
US,Broken Bow Municipal Airport,BBW
US,Virginia Tech Montgomery Executive Airport,BCB
US,Bryce Canyon Airport,BCE
US,Boca Raton Airport,BCT
US,Baudette International Airport,BDE
US,Blanding Municipal Airport,BDG
US,Willmar Municipal Airport John L Rice Field (2006),ILL
US,Bradley International Airport,BDL
US,Igor I Sikorsky Memorial Airport,BDR
US,Boulder Municipal Airport,WBU
US,Bell Island Hot Springs Seaplane Base,KBE
US,Beech Factory Airport,BEC
US,Laurence G Hanscom Field,BED
US,Southwest Michigan Regional Airport,BEH
US,Bradford Regional Airport,BFD
US,Western Neb. Rgnl/William B. Heilig Airport,BFF
US,Boeing Field King County International Airport,BFI
US,Meadows Field,BFL
US,Mobile Downtown Airport,BFM
US,Virgil I Grissom Municipal Airport,BFR
US,Hutchinson County Airport,BGD
US,Decatur County Industrial Air Park,BGE
US,Greater Binghamton/Edwin A Link field,BGM
US,Bangor International Airport,BGR
US,Hancock County-Bar Harbor Airport,BHB
US,Birmingham-Shuttlesworth International Airport,BHM
US,Block Island State Airport,BID
US,Beatrice Municipal Airport,BIE
US,Biggs Army Air Field (Fort Bliss),BIF
US,Eastern Sierra Regional Airport,BIH
US,Billings Logan International Airport,BIL
US,Bismarck Municipal Airport,BIS
US,Keesler Air Force Base,BIX
US,Rocky Mountain Metropolitan Airport,BJC
US,Bemidji Regional Airport,BJI
US,Wayne County Airport,BJJ
US,Stephens County Airport,BKD
US,Baker City Municipal Airport,BKE
US,Buckley Space Force Base,BFK
US,Burke Lakefront Airport,BKL
US,Allen C Perkinson Blackstone Army Air Field,BKT
US,Raleigh County Memorial Airport,BKW
US,Brookings Regional Airport,BKX
US,Mercer County Airport,BLF
US,Blythe Airport,BLH
US,Bellingham International Airport,BLI
US,Monmouth Executive Airport,BLM
US,Blue Canyon Nyack Airport,BLU
US,Scott AFB/Midamerica Airport,BLV
US,Brigham City Regional Airport,BMC
US,Monroe County Airport,BMG
US,Central Illinois Regional Airport at Bloomington-Normal,BMI
US,Berlin Regional Airport,BML
US,Beaumont Municipal Airport,BMT
US,Nashville International Airport,BNA
US,Banning Municipal Airport,BNG
US,Barnwell Regional Airport,BNL
US,Burns Municipal Airport,BNO
US,Boone Municipal Airport,BNW
US,Boise Air Terminal/Gowen Field,BOI
US,Brookings Airport,BOK
US,Logan International Airport,BOS
US,Bartow Executive Airport,BOW
US,Big Spring Mc Mahon-Wrinkle Airport,HCA
US,Miley Memorial Field,BPI
US,Ozark Regional Airport,WMH
US,Jack Brooks Regional Airport,BPT
US,Brunswick Golden Isles Airport,BQK
US,Brainerd Lakes Regional Airport,BRD
US,Southeast Iowa Regional Airport,BRL
US,Brownsville South Padre Island International Airport,BRO
US,Samuels Field,BRY
US,Skypark Airport,BTF
US,Battle Creek Executive Airport at Kellogg Field,BTL
US,Bert Mooney Airport,BTM
US,Britton Municipal Airport,TTO
US,Pittsburgh/Butler Regional Airport,BTP
US,Baton Rouge Metropolitan Airport,BTR
US,Burlington International Airport,BTV
US,Beatty Airport,BTY
US,Cram Field,BUB
US,Buffalo Niagara International Airport,BUF
US,Butler Memorial Airport,BUM
US,Hollywood Burbank Airport,BUR
US,Beaver County Airport,BFP
US,Bartlesville Municipal Airport,BVO
US,Skagit Regional Airport,MVW
US,Batesville Regional Airport,BVX
US,Beverly Regional Airport,BVY
US,Brawley Municipal Airport,BWC
US,Brownwood Regional Airport,BWD
US,Bowling Green Warren County Regional Airport,BWG
US,Baltimore/Washington International Thurgood Marshall Airport,BWI
US,Harry Stern Airport,WAH
US,Bowman Regional Airport,BWM
US,George R Carr Memorial Air Field,BXA
US,Buckeye Municipal Airport,BXK
US,Brunswick Executive Airport,NHZ
US,Johnson County Airport,BYG
US,Arkansas International Airport,BYH
US,Burley Municipal Airport,BYI
US,Bicycle Lake Army Air Field,BYS
US,Bay City Regional Airport,BBC
US,Bozeman Yellowstone International Airport,BZN
US,Grand Geneva Resort Airport,XES
US,Plymouth Municipal Airport,PLY
US,New Coalinga Municipal Airport,CLG
US,Wexford County Airport,CAD
US,Columbia Metropolitan Airport,CAE
US,Craig Moffat Airport,CIG
US,Akron Canton Regional Airport,CAK
US,Clayton Municipal Airpark,CAO
US,Caribou Municipal Airport,CAR
US,Greater Cumberland Regional Airport,CBE
US,Council Bluffs Municipal Airport,CBF
US,Shalz Field,CBK
US,Columbus Air Force Base,CBM
US,Coffman Cove Seaplane Base,KCC
US,Upland-Cable Airport,CCB
US,Buchanan Field,CCR
US,Northeast Iowa Regional Airport,CCY
US,Caledonia County Airport,LLX
US,Cedar City Regional Airport,CDC
US,Harrell Field,CDH
US,George T Lewis Airport,CDK
US,Woodward Field,CDN
US,Chadron Municipal Airport,CDR
US,Childress Municipal Airport,CDS
US,Essex County Airport,CDW
US,Cessna Aircraft Field,CEA
US,Jack Mc Namara Field Airport,CEC
US,Westover Metropolitan Airport / Westover Air Reserve Base,CEF
US,Oconee County Regional Airport,CEU
US,Mettel Field,CEV
US,Bob Sikes Airport,CEW
US,Murray-Calloway County Airport Kyle-Oakley Field,CEY
US,Cortez Municipal Airport,CEZ
US,Coulter Field,CFD
US,Tuscola Area Airport,TZC
US,Greenlee County Airport,CFT
US,Coffeyville Municipal Airport,CFV
US,Cambridge Dorchester Airport,CGE
US,Cuyahoga County Airport,CGF
US,Cape Girardeau Regional Airport,CGI
US,College Park Airport,CGS
US,Casa Grande Municipal Airport,CGZ
US,Chattanooga Metropolitan Airport (Lovell Field),CHA
US,Chickasha Municipal Airport,CHK
US,Charlottesville Albemarle Airport,CHO
US,Charleston International Airport,CHS
US,Chico Regional Airport,CIC
US,The Eastern Iowa Airport,CID
US,Arthur N Neu Airport,CIN
US,Cairo Regional Airport,CIR
US,Chippewa County International Airport,CIU
US,Kegelman AF Aux Field,CKA
US,North Central West Virginia Airport,CKB
US,Grand Marais Cook County Airport,GRM
US,Fletcher Field,CKM
US,Crookston Municipal Kirkwood Field,CKN
US,Clarksville–Montgomery County Regional Airport,CKV
US,Chignik Lagoon Airport,KCL
US,Cleveland Hopkins International Airport,CLE
US,Clintonville Municipal Airport,CLI
US,Clinton Regional Airport,CLK
US,Easterwood Field,CLL
US,William R Fairchild International Airport,CLM
US,Cliff Hatfield Memorial Airport,CLR
US,Chehalis Centralia Airport,CLS
US,Charlotte Douglas International Airport,CLT
US,Clearwater Air Park,CLW
US,John Glenn Columbus International Airport,CMH
US,University of Illinois Willard Airport,CMI
US,Houghton County Memorial Airport,CMX
US,Sparta Fort McCoy Airport,CMY
US,Chernofski Harbor Seaplane Base,KCN
US,Claremont Municipal Airport,CNH
US,Blosser Municipal Airport,CNK
US,Cavern City Air Terminal,CNM
US,Chino Airport,CNO
US,Chanute Martin Johnson Airport,CNU
US,TSTC Waco Airport,CNW
US,Canyonlands Regional Airport,CNY
US,Yellowstone Regional Airport,COD
US,Coeur D'Alene Airport - Pappy Boyington Field,COE
US,Patrick Space Force Base,COF
US,Merritt Island Airport,COI
US,Coleman Municipal Airport,COM
US,Concord Municipal Airport,CON
US,City of Colorado Springs Municipal Airport,COS
US,Cotulla-La Salle County Airport,COT
US,Columbia Regional Airport,COU
US,Compton Woodley Airport,CPM
US,Casper-Natrona County International Airport,CPR
US,St Louis Downtown Airport,CPS
US,Cheraw Municipal Airport/Lynch Bellinger Field,HCW
US,Colorado Creek Airport,KCR
US,Grand Strand Airport,CRE
US,Jacksonville Executive at Craig Airport,CRG
US,Corpus Christi International Airport,CRP
US,McClellan-Palomar Airport,CLD
US,C David Campbell Field Corsicana Municipal Airport,CRS
US,Z M Jack Stell Field,CRT
US,Yeager Airport,CRW
US,Roscoe Turner Airport,CRX
US,Columbus Metropolitan Airport,CSG
US,Clinton Sherman Airport,CSM
US,Creston Municipal Airport,CSQ
US,Crossville Memorial Airport Whitson Field,CSV
US,Cut Bank International Airport,CTB
US,Cross City Airport,CTY
US,Sampson County Airport,CTZ
US,Jim Hamilton L.B. Owens Airport,CUB
US,Cushing Municipal Airport,CUH
US,Cincinnati Northern Kentucky International Airport,CVG
US,Hollister Municipal Airport,HLI
US,Sharp County Regional Airport,CKK
US,Clovis Municipal Airport,CVN
US,Corvallis Municipal Airport,CVO
US,Cannon Air Force Base,CVS
US,Central Wisconsin Airport,CWA
US,Kickapoo Downtown Airport,KIP
US,Chennault International Airport,CWF
US,Clinton Municipal Airport,CWI
US,Calexico International Airport,CXL
US,Conroe-North Houston Regional Airport,CXO
US,Carson Airport,CSN
US,Capital City Airport,HAR
US,Cheyenne Regional Jerry Olson Field,CYS
US,Cascade Locks State Airport,CZK
US,Dimmit County Airport,CZT
US,Tioga Municipal Airport,VEX
US,Davison Army Air Field,DAA
US,Daytona Beach International Airport,DAB
US,Barstow Daggett Airport,DAG
US,Dallas Love Field,DAL
US,Danville Regional Airport,DAN
US,James M Cox Dayton International Airport,DAY
US,W H 'Bud' Barron Airport,DBN
US,Dubuque Regional Airport,DBQ
US,Ronald Reagan Washington National Airport,DCA
US,Pryor Field Regional Airport,DCU
US,Dodge City Regional Airport,DDC
US,Decatur Airport,DEC
US,Decorah Municipal Airport,DEH
US,Denver International Airport,DEN
US,Coleman A. Young Municipal Airport,DET
US,Defiance Memorial Airport,DFI
US,Dallas Fort Worth International Airport,DFW
US,Douglas Municipal Airport,DGL
US,Converse County Airport,DGW
US,Dothan Regional Airport,DHN
US,Dalhart Municipal Airport,DHT
US,Dickinson Theodore Roosevelt Regional Airport,DIK
US,Chautauqua County-Dunkirk Airport,DKK
US,Dillon County Airport,DLL
US,Laughlin Air Force Base,DLF
US,Duluth International Airport,DLH
US,Dillon Airport,DLN
US,Columbia Gorge Regional Airport,DLS
US,Davis Monthan Air Force Base,DMA
US,Deming Municipal Airport,DMN
US,Sedalia Memorial Airport,DMO
US,Daniel Field,DNL
US,Dalton Municipal Airport,DNN
US,Denison Municipal Airport,DNS
US,Vermilion Regional Airport,DNV
US,Dover Air Force Base,DOV
US,Dupage Airport,DPA
US,Michael AAF (Dugway Proving Ground) Airport,DPG
US,Desert Rock Airport,DRA
US,Beauregard Regional Airport,DRI
US,Drummond Island Airport,DRE
US,Durango La Plata County Airport,DRO
US,Del Rio International Airport,DRT
US,Des Moines International Airport,DSM
US,Dansville Municipal Airport,DSV
US,Delta Municipal Airport,DTA
US,Detroit Lakes Airport,DTL
US,Shreveport Downtown Airport,DTN
US,Destin Executive Airport,DSI
US,Detroit Metropolitan Wayne County Airport,DTW
US,Durant Regional Airport - Eaker Field,DUA
US,Halliburton Field,DUC
US,Bisbee Douglas International Airport,DUG
US,DuBois Regional Airport,DUJ
US,Devils Lake Regional Airport,DVL
US,Davenport Municipal Airport,DVN
US,Marin County Airport - Gnoss Field,NOT
US,Slayton Municipal Airport,NSL
US,Phoenix Deer Valley Airport,DVT
US,David Wayne Hooks Memorial Airport,DWH
US,Danbury Municipal Airport,DXR
US,Doylestown Airport,DYL
US,Dyess Air Force Base,DYS
US,Roy Hurd Memorial Airport,MIF
US,Crane County Airport,CCG
US,Ohkay Owingeh Airport,ESO
US,Whiteriver Airport,WTR
US,Alpine Casparis Municipal Airport,ALE
US,Bagdad Airport,BGT
US,Phifer Airfield,EAN
US,Kearney Regional Airport,EAR
US,Pangborn Memorial Airport,EAT
US,Chippewa Valley Regional Airport,EAU
US,Nanwalek Airport,KEB
US,Webster City Municipal Airport,EBS
US,Elizabeth City Regional Airport & Coast Guard Air Station,ECG
US,Northwest Florida Beaches International Airport,ECP
US,Mondell Field,ECS
US,Northeastern Regional Airport,EDE
US,Enterprise Municipal Airport,ETS
US,Edwards Air Force Base,EDW
US,Needles Airport,EED
US,Dillant Hopkins Airport,EEN
US,Ellington Airport,EFD
US,Northeast Kingdom International Airport,EFK
US,Jefferson Municipal Airport,EFW
US,Eagle County Regional Airport,EGE
US,Duke Field,EGI
US,Eagle River Union Airport,EGV
US,Ekwok Airport,KEK
US,Murray Field,EKA
US,Elkhart Municipal Airport,EKI
US,Elkins-Randolph County Regional Airport,EKN
US,Elko Regional Airport,EKO
US,Addington Field / Elizabethtown Regional Airport,EKX
US,Eagle Lake Airport,ELA
US,South Arkansas Regional Airport at Goodwin Field,ELD
US,Elk City Regional Business Airport,ELK
US,Elmira Corning Regional Airport,ELM
US,Bowers Field,ELN
US,Ely Municipal Airport,LYU
US,El Paso International Airport,ELP
US,Ely Airport Yelland Field,ELY
US,Wellsville Municipal Airport - Tarantine Field,ELZ
US,Kemmerer Municipal Airport,EMM
US,Emporia Municipal Airport,EMP
US,San Gabriel Valley Airport,EMT
US,Vance Air Force Base,END
US,Centralia Municipal Airport,ENL
US,Wendover Airport,ENV
US,Kenosha Regional Airport,ENW
US,Keokuk Municipal Airport,EOK
US,Neosho Hugh Robinson Airport,EOS
US,Ephrata Municipal Airport,EPH
US,Captain Jack Thomas El Dorado Airport,EDK
US,Erie International Tom Ridge Field,ERI
US,Errol Airport,ERR
US,Kerrville / Kerr County Airport at Louis Schreiner Field,ERV
US,Delta County Airport,ESC
US,Esler Army Airfield / Esler Regional Airport,ESF
US,Easton Airport / Newnam Field,ESN
US,Estherville Municipal Airport,EST
US,Easton State Airport,ESW
US,West Bend Municipal Airport,ETB
US,Eastland Municipal Airport,ETN
US,Weedon Field,EUF
US,Mahlon Sweet Field,EUG
US,Eveleth–Virginia Municipal Airport,EVM
US,Evansville Regional Airport,EVV
US,Evanston-Uinta County Airport-Burns Field,EVW
US,New Bedford Regional Airport,EWB
US,Newton City-County Airport,EWK
US,Coastal Carolina Regional Airport,EWN
US,Newark Liberty International Airport,EWR
US,Key West International Airport,EYW
US,Wilbarger County Airport,WIB
US,French Valley Airport,RBK
US,Felker Army Air Field,FAF
US,Farmington Regional Airport,FAM
US,Hector International Airport,FAR
US,Fresno Yosemite International Airport,FAT
US,Fayetteville Regional Airport - Grannis Field,FAY
US,Simmons Army Air Field,FBG
US,Faribault Municipal Airport-Liz Wall Strohfus Field,FBL
US,Fort Bridger Airport,FBR
US,Fairbury Municipal Airport,FBY
US,Fresno Chandler Executive Airport,FCH
US,Flying Cloud Airport,FCM
US,Butts AAF (Fort Carson) Air Field,FCS
US,Forrest City Municipal Airport,FCY
US,Frederick Municipal Airport,FDK
US,Frederick Regional Airport,FDR
US,Findlay Airport,FDY
US,Albertus Airport,FEP
US,Fremont Municipal Airport,FET
US,First Flight Airport,FFA
US,Fairfield Municipal Airport,FFL
US,Fergus Falls Municipal Airport - Einar Mickelson Field,FFM
US,Wright-Patterson Air Force Base,FFO
US,Capital City Airport,FFT
US,Falcon Field,MSC
US,Friday Harbor Airport,FRD
US,Sierra Vista Municipal Airport / Libby Army Air Field,FHU
US,Venango Regional Airport,FKL
US,Franklin Regional Airport,FKN
US,Fond du Lac County Airport,FLD
US,Flagstaff Pulliam International Airport,FLG
US,Fort Lauderdale Hollywood International Airport,FLL
US,Florence Regional Airport,FLO
US,Marion County Regional Airport,FLP
US,Sherman Army Air Field,FLV
US,Fallon Municipal Airport,FLX
US,Tipton Airport,FME
US,Cape Cod Coast Guard Air Station,FMH
US,Four Corners Regional Airport,FMN
US,Page Field,FMY
US,Northern Colorado Regional Airport,FNL
US,Bishop International Airport,FNT
US,Fort Dodge Regional Airport,FOD
US,Topeka Regional Airport,FOE
US,Francis S Gabreski Airport,FOK
US,Fillmore Municipal Airport,FIL
US,St Lucie County International Airport,FPR
US,Republic Airport,FRG
US,French Lick Municipal Airport,FRH
US,Marshall Army Air Field,FRI
US,Fairmont Municipal Airport,FRM
US,Front Royal Warren County Airport,FRR
US,Sioux Falls Regional Airport / Joe Foss Field,FSD
US,Henry Post Army Air Field,FSI
US,Fort Scott Municipal Airport,FSK
US,Fort Smith Regional Airport,FSM
US,Fort Stockton Pecos County Airport,FST
US,Fort Sumner Municipal Airport,FSU
US,Fort Madison Municipal Airport,FMS
US,Godman Army Air Field,FTK
US,Fort Worth Meacham International Airport,FTW
US,Fulton County Airport Brown Field,FTY
US,Fullerton Municipal Airport,FUL
US,Northern Aroostook Regional Airport,WFK
US,Fort Wayne International Airport,FWA
US,Fort Lauderdale Executive Airport,FXE
US,Forest City Municipal Airport,FXY
US,Fayetteville Municipal Airport,FYM
US,Drake Field,FYV
US,Gabbs Airport,GAB
US,Northeast Alabama Regional Airport,GAD
US,Gage Heibeck Airport,GAG
US,Montgomery County Airpark,GAI
US,Great Bend Municipal Airport,GBD
US,Galesburg Municipal Airport,GBG
US,Walter J. Koladza Airport,GBR
US,Northeast Wyoming Regional Airport,GCC
US,Grant County Regional Airport / Ogilvie Field,JDA
US,Garden City Regional Airport,GCK
US,Grand Canyon National Park Airport,GCN
US,Greeneville Municipal Airport,GCY
US,Gardner Municipal Airport,GDM
US,Dawson Community Airport,GDV
US,Gladwin Zettel Memorial Airport,GDW
US,Delaware Coastal Airport,GED
US,Spokane International Airport,GEG
US,South Big Horn County Airport,GEY
US,Malmstrom Air Force Base,GFA
US,Pope Field,GFD
US,Grand Forks International Airport,GFK
US,Floyd Bennett Memorial Airport,GFL
US,Georgetown County Airport,GGE
US,East Texas Regional Airport,GGG
US,Glasgow Valley County Airport Wokal Field,GGW
US,Centerville Municipal Airport,GHM
US,Idaho County Airport,IDH
US,Winter Haven Regional Airport - Gilbert Field,GIF
US,Grand Junction Regional Airport,GJT
US,Port Meadville Airport,MEJ
US,Gatlinburg-Pigeon Forge Airport,GKT
US,Goodland Municipal Airport,GLD
US,Gainesville Municipal Airport,GLE
US,Mid Delta Regional Airport,GLH
US,Gaylord Regional Airport,GLR
US,Scholes International At Galveston Airport,GLS
US,Glasgow Municipal Airport,GLW
US,Greenville Downtown Airport,GMU
US,Gooding Municipal Airport,GNG
US,Grants-Milan Municipal Airport,GNT
US,Gainesville Regional Airport,GNV
US,Guthrie-Edmond Regional Airport,GOK
US,Groton New London Airport,GON
US,Glacier Park International Airport,FCA
US,Gulfport Biloxi International Airport,GPT
US,Grand Rapids Itasca Co-Gordon Newstrom field,GPZ
US,Galion Municipal Airport,GQQ
US,Austin Straubel International Airport,GRB
US,Greenwood County Airport,GRD
US,Greenville Airport,GRE
US,Gray Army Air Field,GRF
US,Central Nebraska Regional Airport,GRI
US,Killeen Regional Airport / Robert Gray Army Airfield,GRK
US,Gordon Municipal Airport,GRN
US,Gerald R. Ford International Airport,GRR
US,Seymour Johnson Air Force Base,GSB
US,Goshen Municipal Airport,GSH
US,Piedmont Triad International Airport,GSO
US,Greenville Spartanburg International Airport,GSP
US,Great Falls International Airport,GTF
US,Grantsburg Municipal Airport,GTG
US,Golden Triangle Regional Airport,GTR
US,Gunnison Crested Butte Regional Airport,GUC
US,Gallup Municipal Airport,GUP
US,Grissom Air Reserve Base,GUS
US,Guymon Municipal Airport,GUY
US,Gordonsville Municipal Airport,GVE
US,Lee Gilmer Memorial Airport,GVL
US,Majors Airport,GVT
US,Greenwood–Leflore Airport,GWO
US,Glenwood Springs Municipal Airport,GWS
US,Grayling Airport,KGX
US,Greeley–Weld County Airport,GXY
US,Donaldson Field Airport,GDC
US,North Texas Regional Airport Perrin Field,PNX
US,Phoenix Goodyear Airport,GYR
US,Gary Chicago International Airport,GYY
US,Glacier Creek Airport,KGZ
US,Marion County Rankin Fite Airport,HAB
US,Half Moon Bay Airport,HAF
US,Three Rivers Municipal Dr Haines Airport,HAI
US,Butler Co Regional Airport - Hogan Field,HAO
US,Hattiesburg Bobby L Chain Municipal Airport,HBG
US,Hobart Regional Airport,HBR
US,Brewster Field,HDE
US,Yampa Valley Airport,HDN
US,Thompson-Robbins Airport,HEE
US,Manassas Regional Airport/Harry P. Davis Field,MNZ
US,Natchez–Adams County Airport / Hardy-Anders Field,HEZ
US,Hartford Brainard Airport,HFD
US,Mackall Army Air Field,HFF
US,Hagerstown Regional Richard A Henson Field,HGR
US,Jack Northrop Field Hawthorne Municipal Airport,HHR
US,Stan Stamper Municipal Airport,HUJ
US,Range Regional Airport,HIB
US,Mount Washington Regional Airport,HIE
US,Hill Air Force Base,HIF
US,Lake Havasu City International Airport,HII
US,Portland Hillsboro Airport,HIO
US,Blytheville Municipal Airport,HKA
US,Hawkins Field,HKS
US,Hickory Regional Airport,HKY
US,Batesville Airport,HLB
US,Hill City Municipal Airport,HLC
US,Wheeling Ohio County Airport,HLG
US,Helena Regional Airport,HLN
US,Hood Army Air Field,HLR
US,Holloman Air Force Base,HMN
US,Hemet Ryan Airport,HMT
US,Huntingburg Airport,HNB
US,Henderson Executive Airport,HSH
US,Lea County Regional Airport,HOB
US,Huron Regional Airport,HON
US,Campbell Army Airfield (Fort Campbell),HOP
US,Memorial Field Airport,HOT
US,William P Hobby Airport,HOU
US,Westchester County Airport,HPN
US,Hampton Municipal Airport,HPT
US,Baytown Airport,HPY
US,Bowerman Airport,HQM
US,Hermiston Municipal Airport,HES
US,Valley International Airport,HRL
US,Boone County Airport,HRO
US,Harrisburg-Raleigh Airport,HSB
US,Billy Mitchell Airport,HNC
US,Hot Springs County Airport,THP
US,Hastings Municipal Airport,HSI
US,Ingalls Field,HSP
US,Homestead ARB Airport,HST
US,Huntsville International Carl T Jones Field,HSV
US,Hawthorne Industrial Airport,HTH
US,Roscommon County - Blodgett Memorial Airport,HTL
US,Town of East Hampton Airport,HTO
US,Tri-State Airport / Milton J. Ferguson Field,HTS
US,Lawrence County Airpark,HTW
US,Redstone Army Air Field,HUA
US,"Terre Haute Regional Airport, Hulman Field",HUF
US,Houlton International Airport,HUL
US,Houma Terrebonne Airport,HUM
US,Hutchinson Municipal Airport,HUT
US,Hanksville Airport,HVE
US,Tweed New Haven Airport,HVN
US,Havre City County Airport,HVR
US,Hartsville Regional Airport,HVS
US,Hayward Executive Airport,HWD
US,North Perry Airport,HWO
US,Brookhaven Calabro Airport,WSH
US,Hilton Head Airport,HHH
US,Cape Cod Gateway Airport,HYA
US,Sawyer County Airport,HYR
US,Hays Regional Airport,HYS
US,Hazleton Municipal Airport,HZL
US,Northeast Ohio Regional Airport,JFN
US,McConnell Air Force Base,IAB
US,Washington Dulles International Airport,IAD
US,Niagara Falls International Airport,IAG
US,George Bush Intercontinental Houston Airport,IAH
US,Ivanof Bay Seaplane Base,KIB
US,Schenck Field,ICL
US,Wichita Eisenhower National Airport,ICT
US,Idaho Falls Regional Airport,IDA
US,Ida Grove Municipal Airport,IDG
US,Indiana County–Jimmy Stewart Airport,IDI
US,Independence Municipal Airport,IDP
US,Pine Ridge Airport,XPR
US,Iowa Falls Municipal Airport,IFA
US,Laughlin Bullhead International Airport,IFP
US,Kingman Airport,IGM
US,Jacksonville Municipal Airport,IJX
US,Greater Kankakee Airport,IKK
US,Skylark Field,ILE
US,Wilmington Airport,ILG
US,Wilmington International Airport,ILM
US,Wilmington Airpark,ILN
US,Imperial Municipal Airport,IML
US,Immokalee Regional Airport,IMM
US,Madison Municipal Airport,MDN
US,Ford Airport,IMT
US,Indianapolis International Airport,IND
US,Winkler County Airport,INK
US,Falls International Airport,INL
US,Creech Air Force Base,INS
US,Smith Reynolds Airport,INT
US,Winslow Lindbergh Regional Airport,INW
US,Iowa City Municipal Airport,IOW
US,Imperial County Airport,IPL
US,Williamsport Regional Airport,IPT
US,Kirksville Regional Airport,IRK
US,Kirsch Municipal Airport,IRS
US,Kissimmee Gateway Airport,ISM
US,Kinston Regional Jetport At Stallings Field,ISO
US,Long Island Mac Arthur Airport,ISP
US,Schoolcraft County Airport,ISQ
US,Alexander Field South Wood County Airport,ISW
US,Ithaca Tompkins Regional Airport,ITH
US,Mesa Gateway Airport,AZA
US,Gogebic Iron County Airport,IWD
US,Wiscasset Airport,ISS
US,West Houston Airport,IWS
US,New Century AirCenter Airport,JCI
US,Inyokern Airport,IYK
US,Santa Ynez Airport,SQA
US,Eastern Slopes Regional Airport,FRY
US,Jackson Hole Airport,JAC
US,Jackson-Medgar Wiley Evers International Airport,JAN
US,Jasper County Airport Bell Field,JAS
US,Jacksonville International Airport,JAX
US,Jonesboro Municipal Airport,JBR
US,Kimble County Airport,JCT
US,Jordan Airport,JDN
US,Jefferson City Memorial Airport,JEF
US,John F Kennedy International Airport,JFK
US,Chautauqua County-Jamestown Airport,JHW
US,Jack Edwards National Airport,GUF
US,Joplin Regional Airport,JLN
US,Jamestown Regional Airport,JMS
US,Joliet Regional Airport,JOT
US,Concord-Padgett Regional Airport,USA
US,Cherokee County Airport,JKV
US,John Murtha Johnstown Cambria County Airport,JST
US,Southern Wisconsin Regional Airport,JVL
US,Jackson County Airport/Reynolds Field,JXN
US,Grand Glaize Osage Beach Airport,OSB
US,Kitoi Bay Seaplane Base,KKB
US,Mesa Del Rey Airport,KIC
US,Karluk Lake Seaplane Base,KKL
US,Southwest Washington Regional Airport,KLS
US,Kanab Municipal Airport,KNB
US,Ekuk Airport,KKU
US,Furnace Creek Airport,DTH
US,Borrego Valley Airport,BXS
US,Big Bear City Airport,RBF
US,Marble Canyon Airport,MYH
US,Trona Airport,TRH
US,Southeast Colorado Regional Airport,LAA
US,Purdue University Airport,LAF
US,Lakeland Linder International Airport,LAL
US,Los Alamos Airport,LAM
US,Capital City Airport,LAN
US,Laramie Regional Airport,LAR
US,Harry Reid International Airport,LAS
US,Lawton Fort Sill Regional Airport,LAW
US,Los Angeles International Airport,LAX
US,Lubbock Preston Smith International Airport,LBB
US,Arnold Palmer Regional Airport,LBE
US,North Platte Regional Airport Lee Bird Field,LBF
US,Liberal Mid-America Regional Airport,LBL
US,Lumberton Regional Airport,LBT
US,Texas Gulf Coast Regional Airport,LJN
US,Lake Charles Regional Airport,LCH
US,Laconia Municipal Airport,LCI
US,Rickenbacker International Airport,LCK
US,Lake City Gateway Airport,LCQ
US,Linden Airport,LDJ
US,Mason County Airport,LDM
US,Lebanon Municipal Airport,LEB
US,Leesburg International Airport,LEE
US,Lemmon Municipal Airport,LEM
US,Auburn Lewiston Municipal Airport,LEW
US,Blue Grass Airport,LEX
US,Langley Air Force Base,LFI
US,Angelina County Airport,LFK
US,Lafayette Regional Airport,LFT
US,LaGuardia Airport,LGA
US,Long Beach Airport (Daugherty Field),LGB
US,LaGrange Callaway Airport,LGC
US,La Grande/Union County Airport,LGD
US,Laguna Army Airfield,LGF
US,Logan-Cache Airport,LGU
US,William T. Piper Memorial Airport,LHV
US,MidCoast Regional Airport at Wright Army Airfield,LIY
US,Triangle North Executive Airport,LFN
US,Limon Municipal Airport,LIC
US,Bill & Hillary Clinton National Airport/Adams Field,LIT
US,Lake Placid Airport,LKP
US,Louisa County Airport / Freeman Field,LOW
US,Lake County Airport,LKV
US,Challis Airport,CHL
US,Louisville Winston County Airport,LMS
US,Crater Lake-Klamath Regional Airport,LMT
US,Palm Beach County Park Airport,LNA
US,Hunt Field,LND
US,Lincoln Airport,LNK
US,Lake County Executive Airport,LNN
US,Lonesome Pine Airport,LNP
US,Tri-County Regional Airport,LNR
US,Lancaster Airport,LNS
US,Derby Field,LOL
US,Wings Field,BBX
US,Lewis University Airport,LOT
US,Bowman Field,LOU
US,London-Corbin Airport/Magee Field,LOZ
US,Lompoc Airport,LPC
US,Pickens County Airport,LQK
US,Laredo International Airport,LRD
US,Little Rock Air Force Base,LRF
US,Le Mars Municipal Airport,LRJ
US,Las Cruces International Airport,LRU
US,Lordsburg Municipal Airport,LSB
US,La Crosse Regional Airport,LSE
US,Lawson Army Air Field,LSF
US,Lusk Municipal Airport,LSK
US,Los Banos Municipal Airport,LSN
US,Nellis Air Force Base,LSV
US,Altus Air Force Base,LTS
US,Luke Air Force Base,LUF
US,Cincinnati Municipal Airport Lunken Field,LUK
US,Hesler Noble Field,LUL
US,Livermore Municipal Airport,LVK
US,Brunswick Municipal Airport,LVL
US,Mission Field,LVM
US,Las Vegas Municipal Airport,LVS
US,Greenbrier Valley Airport,LWB
US,Lawrence Municipal Airport,LWC
US,Wells Municipal Airport/Harriet Field,LWL
US,Lawrence Municipal Airport,LWM
US,Lewiston Nez Perce County Airport,LWS
US,Lewistown Municipal Airport,LWT
US,Lawrenceville Vincennes International Airport,LWV
US,Jim Kelly Field,LXN
US,Lake County Airport,LXV
US,Lynchburg Regional Airport - Preston Glenn Field,LYH
US,Lyons-Rice County Municipal Airport,LYO
US,Gwinnett County Briscoe Field,LZU
US,Poplarville Pearl River County Airport,PCU
US,Malta Airport,MLK
US,Macon Downtown Airport,MAC
US,Madera Municipal Airport,MAE
US,Midland International Air and Space Port,MAF
US,Malden Regional Airport,MAW
US,Mobridge Municipal Airport,MBG
US,Manistee County Blacker Airport,MBL
US,Bruce Campbell Field,DXE
US,MBS International Airport,MBS
US,Omar N Bradley Airport,MBY
US,McComb-Pike County Airport / John E Lewis Field,MCB
US,McClellan Airfield,MCC
US,Mackinac Island Airport,MCD
US,Merced Regional Macready Field,MCE
US,MacDill Air Force Base,MCF
US,Kansas City International Airport,MCI
US,McCook Ben Nelson Regional Airport,MCK
US,Middle Georgia Regional Airport,MCN
US,Orlando International Airport,MCO
US,Mason City Municipal Airport,MCW
US,Martindale Army Heliport,MDA
US,Midland Airpark,MDD
US,Southern Illinois Airport,MDH
US,Madison Municipal Airport,XMD
US,Harrisburg International Airport,MDT
US,Chicago Midway International Airport,MDW
US,Taylor County Airport,MDF
US,Laurinburg Maxton Airport,MXE
US,Key Field / Meridian Regional Airport,MEI
US,Memphis International Airport,MEM
US,Castle Airport,MER
US,Minden-Tahoe Airport,MEV
US,Mena Intermountain Municipal Airport,UMZ
US,Mansfield Lahm Regional Airport,MFD
US,McAllen Miller International Airport,MFE
US,Marshfield Municipal Airport,MFI
US,Rogue Valley International Medford Airport,MFR
US,Accomack County Airport,MFV
US,Michigan City Municipal Airport,MGC
US,Dobbins Air Reserve Base,MGE
US,Orange County Airport,MGJ
US,Montgomery Regional (Dannelly Field) Airport,MGM
US,Moultrie Municipal Airport,MGR
US,Morgantown Municipal Airport Walter L. (Bill) Hart Field,MGW
US,Dayton-Wright Brothers Airport,MGY
US,Mitchell Municipal Airport,MHE
US,Manhattan Regional Airport,MHK
US,Marshall Memorial Municipal Airport,MHL
US,Sacramento Mather Airport,MHR
US,Manchester-Boston Regional Airport,MHT
US,Mojave Airport,MHV
US,Miami International Airport,MIA
US,Minot Air Force Base,MIB
US,Crystal Airport,MIC
US,Delaware County Johnson Field,MIE
US,Miami Municipal Airport,MIO
US,Shafter Airport - Minter Field,MIT
US,Millville Municipal Airport,MIV
US,Marshalltown Municipal Airport,MIW
US,Jackson Municipal Airport,MJQ
US,Ocean County Airport,MJX
US,Charles B. Wheeler Downtown Airport,MKC
US,General Mitchell International Airport,MKE
US,Muskegon County Airport,MKG
US,McKellar-Sipes Regional Airport,MKL
US,Muskogee-Davis Regional Airport,MKO
US,Mankato Regional Airport,MKT
US,Marco Island Executive Airport,MRK
US,Melbourne Orlando International Airport,MLB
US,Mc Alester Regional Airport,MLC
US,Malad City Airport,MLD
US,Millard Airport,MIQ
US,Milford Municipal-Ben and Judy Briscoe Field,MLF
US,Quad City International Airport,MLI
US,Baldwin County Regional Airport,MLJ
US,Miles City Airport - Frank Wiley Field,MLS
US,Millinocket Municipal Airport,MLT
US,Monroe Regional Airport,MLU
US,Mammoth Yosemite Airport,MMH
US,McMinn County Airport,MMI
US,Southwest Minnesota Regional Airport - Marshall/Ryan Field,MML
US,Selfs Airport,MMS
US,Mc Entire Joint National Guard Base,MMT
US,Morristown Municipal Airport,MMU
US,Menominee–Marinette Twin County Airport,MNM
US,Marion Municipal Airport,MNN
US,Mobile Regional Airport,MOB
US,Modesto City Co-Harry Sham Field,MOD
US,Mount Pleasant Municipal Airport,MOP
US,Morristown Regional Airport,MOR
US,Minot International Airport,MOT
US,Morris Municipal Airport Charlie Schmidt Field,MOX
US,Mariposa Yosemite Airport,RMY
US,Petit Jean Park Airport,MPJ
US,Pocono Mountains Municipal Airport,MPO
US,Mc Pherson Airport,MPR
US,Edward F Knapp State Airport,MPV
US,Mount Pleasant Municipal Airport,MPZ
US,Macomb Municipal Airport,MQB
US,Dare County Regional Airport,MEO
US,Chester County G O Carlson Airport,CTH
US,Telfair Wheeler Airport,MQW
US,Smyrna Airport,MQY
US,Eastern WV Regional Airport/Shepherd Field,MRB
US,Maury County Airport,MRC
US,Marfa Municipal Airport,MRF
US,Foothills Regional Airport,MRN
US,Monterey Peninsula Airport,MRY
US,Northwest Alabama Regional Airport,MSL
US,Dane County Regional Truax Field,MSN
US,Missoula International Airport,MSO
US,Minneapolis–Saint Paul International Airport / Wold–Chamberlain Field,MSP
US,Massena International Airport Richards Field,MSS
US,Sullivan County International Airport,MSV
US,Louis Armstrong New Orleans International Airport,MSY
US,Selfridge Air National Guard Base Airport,MTC
US,The Florida Keys Marathon Airport,MTH
US,Montrose Regional Airport,MTJ
US,Martin State Airport,MTN
US,Coles County Memorial Airport,MTO
US,Montauk Airport,MTP
US,Manitowoc County Airport,MTW
US,Muir Army Air Field (Fort Indiantown Gap) Airport,MUI
US,Spence Airport,MUL
US,Mountain Home Air Force Base,MUO
US,Muscatine Municipal Airport,MUT
US,Monroe County Aeroplex Airport,MVC
US,Montevideo Chippewa County Airport,MVE
US,Morrisville-Stowe State Airport,MVL
US,Mount Vernon Outland Airport,MVN
US,Martha's Vineyard Airport,MVY
US,Veterans Airport of Southern Illinois,MWA
US,Lawrence J Timmerman Airport,MWC
US,Grant County International Airport,MWH
US,Mineral Wells Regional Airport,MWL
US,Windom Municipal Airport,MWM
US,Middletown Regional Airport,MWO
US,Manila Municipal Airport,MXA
US,Maxwell Air Force Base,MXF
US,Monticello Regional Airport,MXO
US,Moser Bay Seaplane Base,KMY
US,Montgomery-Gibbs Executive Airport,MYF
US,McCall Municipal Airport,MYL
US,Myrtle Beach International Airport,MYR
US,Yuba County Airport,MYV
US,Pinal Airpark,MZJ
US,Marion Municipal Airport,MZZ
US,Cortland County Chase Field,CTX
US,Sidney Municipal Airport,SXY
US,Albert S Nader Regional Airport,ONH
US,New Orleans NAS JRB/Alvin Callender Field,NBG
US,Naval Outlying Field Barin,NHX
US,Dahlgren Naval Surface Warfare Center Airport,DGN
US,Lakehurst Maxfield Field Airport,NEL
US,Whitehouse Naval Outlying Field,NEN
US,Lakefront Airport,NEW
US,Fallon Naval Air Station,NFL
US,NAS Fort Worth JRB / Carswell Field,FWH
US,Naval Air Station Corpus Christi Truax Field,NGP
US,Norfolk Naval Station (Chambers Field),NGU
US,Cabaniss Field Naval Outlying Landing Field,NGW
US,Patuxent River Naval Air Station (Trapnell Field),NHK
US,Jacksonville Naval Air Station (Towers Field),NIP
US,El Centro NAF Airport (Vraciu Field),NJK
US,Miramar Marine Corps Air Station - Mitscher Field,NKX
US,Lemoore Naval Air Station (Reeves Field) Airport,NLC
US,Naval Air Station Pensacola Forrest Sherman Field,NPA
US,Millington-Memphis Airport,NQA
US,Kingsville Naval Air Station,NQI
US,Naval Air Station Key West/Boca Chica Field,NQX
US,Naval Station Mayport / Admiral David L McDonald Field,NRB
US,Naval Outlying Field Imperial Beach (Ream Field),NRS
US,Whiting Field Naval Air Station - North,NSE
US,Point Mugu Naval Air Station (Naval Base Ventura Co),NTD
US,Oceana Naval Air Station,NTU
US,Moffett Federal Airfield,NUQ
US,Whidbey Island Naval Air Station (Ault Field),NUW
US,Nevada Municipal Airport,NVD
US,Quantico Marine Corps Airfield / Turner Field,NYG
US,Yuma International Airport / Marine Corps Air Station Yuma,YUM
US,North Island Naval Air Station-Halsey Field,NZY
US,Nervino Airport,NVN
US,Columbia Airport,COA
US,Oakdale Airport,ODC
US,Yerington Municipal Airport,EYR
US,Albert J Ellis Airport,OAJ
US,San Francisco Bay Oakland International Airport,OAK
US,Marina Municipal Airport,OAR
US,Okeechobee County Airport,OBE
US,Ocala International Airport - Jim Taylor Field,OCF
US,A L Mangham Jr. Regional Airport,OCH
US,Warren Field,OCW
US,Odessa Schlemeyer Field,ODT
US,O'Neal Airport,OEA
US,L O Simenstad Municipal Airport,OEO
US,Offutt Air Force Base,OFF
US,Karl Stefan Memorial Airport,OFK
US,Ogallala Municipal Airport Searle Field,OGA
US,Orangeburg Municipal Airport,OGB
US,Ogden Hinckley Airport,OGD
US,Ogdensburg International Airport,OGS
US,Lt Warren Eaton Airport,OIC
US,Johnson County Executive Airport,OJC
US,Oceanside Municipal Airport,OCN
US,Will Rogers World Airport,OKC
US,AJ Eisenberg Airport,ODW
US,Kokomo Municipal Airport,OKK
US,Okmulgee Regional Airport,OKM
US,Garden County Airport/King Rhiley Field,OKS
US,Winchester Regional Airport,WGO
US,Dewitt Field - Old Town Municipal Airport,OLD
US,Cattaraugus County-Olean Airport,OLE
US,L M Clayton Airport,OLF
US,Olympia Regional Airport,OLM
US,Nogales International Airport,OLS
US,Columbus Municipal Airport,OLU
US,Olive Branch Airport,OLV
US,Olney Noble Airport,OLY
US,Eppley Airfield,OMA
US,Omak Airport,OMK
US,Winona Municipal Airport Max Conrad Field,ONA
US,O'Neill Municipal Airport–John L Baker Field,ONL
US,Socorro Municipal Airport,ONM
US,Ontario Municipal Airport,ONO
US,Newport Municipal Airport,ONP
US,Ontario International Airport,ONT
US,Olney Municipal Airport,ONY
US,Oskaloosa Municipal Airport,OOA
US,Miami-Opa Locka Executive Airport,OPF
US,St Landry Parish Ahart Field,OPL
US,Quonset State Airport,NCO
US,Chicago O'Hare International Airport,ORD
US,Norfolk International Airport,ORF
US,Worcester Regional Airport,ORH
US,Orlando Executive Airport,ORL
US,Orcas Island Airport,ESD
US,Mount Pleasant Regional Airport,MPS
US,Oscoda Wurtsmith Airport,OSC
US,Wittman Regional Airport,OSH
US,The Ohio State University Airport - Don Scott Field,OSU
US,Kosciusko Attala County Airport,OSX
US,Worthington Municipal Airport,OTG
US,Southwest Oregon Regional Airport,OTH
US,Ottumwa Regional Airport,OTM
US,University of Oklahoma Westheimer Airport,OUN
US,Oroville Municipal Airport,OVE
US,Owatonna Degner Regional Airport,OWA
US,Owensboro Daviess County Airport,OWB
US,Norwood Memorial Airport,OWD
US,Central Maine/Norridgewock Airport,OWK
US,Ocean City Municipal Airport,OCE
US,Waterbury Oxford Airport,OXC
US,Miami University Airport,OXD
US,Oxnard Airport,OXR
US,Olga Bay Seaplane Base,KOY
US,St Marys Municipal Airport,STQ
US,Ozona Municipal Airport,OZA
US,Cairns AAF (Fort Rucker) Air Field,OZR
US,Bisbee Municipal Airport,BSQ
US,Polacca Airport,PXL
US,San Carlos Apache Airport,GLB
US,Holbrook Municipal Airport,HBK
US,Cochise County Airport,CWX
US,Cottonwood Airport,CTW
US,Seattle Paine Field International Airport,PAE
US,Barkley Regional Airport,PAH
US,Tyndall Air Force Base,PAM
US,Payson Airport,PJB
US,Palo Alto Airport,PAO
US,Point Baker Seaplane Base,KPB
US,"Pine Bluff Regional Airport, Grider Field",PBF
US,Plattsburgh International Airport,PBG
US,Palm Beach International Airport,PBI
US,Pike County Airport Hatcher Field,PVL
US,Prairie Du Chien Municipal Airport,PCD
US,DeKalb Peachtree Airport,PDK
US,Eastern Oregon Regional Airport at Pendleton,PDT
US,Portland International Airport,PDX
US,Pecos Municipal Airport,PEQ
US,Pacific City State Airport,PFC
US,Page Municipal Airport,PGA
US,Punta Gorda Airport,PGD
US,Kirk Field,PGR
US,Pitt-Greenville Airport,PGV
US,Harry Clever Field,PHD
US,Newport News Williamsburg International Airport,PHF
US,Robert F Swinnie Airport,ADR
US,Palm Beach County Glades Airport,PHK
US,Philadelphia International Airport,PHL
US,St Clair County International Airport,PHN
US,Philip Airport,PHP
US,Henry County Airport,PHT
US,Phoenix Sky Harbor International Airport,PHX
US,General Wayne A. Downing Peoria International Airport,PIA
US,Hattiesburg Laurel Regional Airport,PIB
US,St. Petersburg Clearwater International Airport,PIE
US,Pocatello Regional Airport,PIH
US,Harris County Airport,PIM
US,Pierre Regional Airport,PIR
US,Pittsburgh International Airport,PIT
US,Mid Ohio Valley Regional Airport,PKB
US,Park Rapids Municipal Airport Konshok Field,PKD
US,Park Falls Municipal Airport,PKF
US,M. Graham Clark Downtown Airport,PLK
US,Pellston Regional Airport of Emmet County Airport,PLN
US,St Clair County Airport,PLR
US,Pembina Municipal Airport,PMB
US,Palmdale Regional Airport / USAF Plant 42 Airport,PMD
US,Greater Portsmouth Regional Airport,PMH
US,Pompano Beach Airpark,PPM
US,Ralph Wenz Field,PWY
US,Ponca City Regional Airport,PNC
US,Northeast Philadelphia Airport,PNE
US,Princeton Municipal Airport,PNN
US,Pensacola International Airport,PNS
US,Pope Field,POB
US,Brackett Field,POC
US,Polk Army Air Field,POE
US,Poplar Bluff Municipal Airport,POF
US,Pocahontas Municipal Airport,POH
US,Dutchess County Airport,POU
US,Powell Municipal Airport,POY
US,Perry Lefors Field,PPA
US,Tri-City Airport,PPF
US,La Porte Municipal Airport,LPO
US,Presque Isle International Airport,PQI
US,Trent Lott International Airport,PGL
US,Port Williams Seaplane Base,KPR
US,Paso Robles Municipal Airport,PRB
US,Prescott International Airport - Ernest A. Love Field,PRC
US,Perry Municipal Airport,PRO
US,Cox Field,PRX
US,Mid-State Regional Airport,PSB
US,Tri Cities Airport,PSC
US,Pittsfield Municipal Airport,PSF
US,New River Valley Airport,PSK
US,Portsmouth International at Pease Airport,PSM
US,Palestine Municipal Airport,PSN
US,Stevens Field,PGO
US,Palm Springs International Airport,PSP
US,Palacios Municipal Airport,PSX
US,Dinwiddie County Airport,PTB
US,Oakland County International Airport,PTK
US,Harry P Williams Memorial Airport,PTN
US,Atkinson Municipal Airport,PTS
US,Pratt Regional Airport,PTT
US,Porterville Municipal Airport,PTV
US,Heritage Field,PTW
US,Pueblo Memorial Airport,PUB
US,Carbon County Regional Airport / Buck Davis Field,PUC
US,Pullman-Moscow Regional Airport,PUW
US,Provincetown Municipal Airport,PVC
US,Theodore Francis Green State Airport,PVD
US,Placerville Airport,PVF
US,Provo-Utah Lake International Airport,PVU
US,Hale County Airport,PVW
US,Wiley Post Airport,PWA
US,Sher-Wood Airport,PWD
US,Chicago Executive Airport,PWK
US,Portland International Jetport,PWM
US,Bremerton National Airport,PWT
US,Port Bailey Seaplane Base,KPY
US,Plymouth Municipal Airport,PYM
US,John H Batten Airport,RAC
US,Riverside Municipal Airport,RAL
US,Rapid City Regional Airport,RAP
US,Dallas Executive Airport,RBD
US,Roseburg Regional Airport,RBG
US,Red Bluff Municipal Airport,RBL
US,Lowcountry Regional Airport,RBW
US,Ellsworth Air Force Base,RCA
US,H H Coffield Regional Airport,RCK
US,Fulton County Airport,RCR
US,Nartron Field,RCT
US,Redding Municipal Airport,RDD
US,Reading Regional Airport (Carl A Spaatz Field),RDG
US,Roberts Field,RDM
US,Grand Forks Air Force Base,RDR
US,Raleigh Durham International Airport,RDU
US,Rome State Airport,REO
US,Chicago Rockford International Airport,RFD
US,Rooke Field,RFG
US,Rhinelander Oneida County Airport,RHI
US,Reid-Hillview Airport of Santa Clara County,RHV
US,Richmond International Airport,RIC
US,Richmond Municipal Airport,RID
US,Richfield Municipal Airport,RIF
US,Garfield County Regional Airport,RIL
US,Flabob Airport,RIR
US,March Air Reserve Base,RIV
US,Central Wyoming Regional Airport,RIW
US,Knox County Regional Airport,RKD
US,Aransas County Airport,RKP
US,Robert S Kerr Airport,RKR
US,Southwest Wyoming Regional Airport,RKS
US,Rockwood Municipal Airport,RKW
US,Richland Airport,RLD
US,Griffiss International Airport,RME
US,Richard B Russell Airport,RMG
US,Warren County Memorial Airport,RNC
US,Randolph Air Force Base,RND
US,New Richmond Regional Airport,RNH
US,Reno Tahoe International Airport,RNO
US,Renton Municipal Airport,RNT
US,Roanoke–Blacksburg Regional Airport,ROA
US,Frederick Douglass Greater Rochester International Airport,ROC
US,Rogers Municipal Airport-Carter Field,ROG
US,Roswell Air Center Airport,ROW
US,Roseau Municipal Rudy Billberg Field,ROX
US,Rice Lake Regional Airport - Carl's Field,RIE
US,Roundup Airport,RPX
US,Roben Hood Airport,WBR
US,El Reno Regional Airport,RQO
US,Merrill Municipal Airport,RRL
US,Warroad International Memorial Airport,RRT
US,Russell Municipal Airport,RSL
US,Ruston Regional Airport,RSN
US,Rochester International Airport,RST
US,Southwest Florida International Airport,RSW
US,Raton Municipal Airport / Crews Field,RTN
US,Mid-Carolina Regional Airport,SRW
US,Rutland - Southern Vermont Regional Airport,RUT
US,Mifflin County Airport,RED
US,Tulsa Riverside Airport,RVS
US,Redwood Falls Municipal Airport,RWF
US,Rocky Mount Wilson Regional Airport,RWI
US,Rawlins Municipal Airport/Harvey Field,RWL
US,Rexburg Madison County Airport,RXE
US,Jasper County Airport,RNZ
US,Ashland Municipal Airport Sumner Parker Field,AHM
US,Bandon State Airport,BDY
US,Sunriver Airport,SUO
US,Madras Municipal Airport,MDJ
US,Prineville Airport,PRZ
US,Shively Field,SAA
US,Sacramento Executive Airport,SAC
US,Safford Regional Airport,SAD
US,Santa Fe Municipal Airport,SAF
US,San Diego International Airport,SAN
US,Sparta Community Airport - Hunter Field,SAR
US,Salton Sea Airport,SAS
US,San Antonio International Airport,SAT
US,Savannah Hilton Head International Airport,SAV
US,Marquette/Sawyer International Airport,MQT
US,Santa Barbara Municipal Airport,SBA
US,San Bernardino International Airport,SBD
US,Sheboygan County Memorial Airport,SBM
US,South Bend Regional Airport,SBN
US,San Luis County Regional Airport,SBP
US,Steamboat Springs Bob Adams Field,SBS
US,Shelby Airport,SBX
US,Salisbury Ocean City Wicomico Regional Airport,SBY
US,Scribner State Airport,SCB
US,Schenectady County Airport,SCH
US,Stockton Metropolitan Airport,SCK
US,Louisville Muhammad Ali International Airport,SDF
US,Scottsdale Airport,SCF
US,Brown Field Municipal Airport,SDM
US,Sidney - Richland Regional Airport,SDY
US,Seattle–Tacoma International Airport,SEA
US,Gillespie Field,SEE
US,Sebring Regional Airport,SEF
US,Penn Valley Airport,SEG
US,Craig Field,SEM
US,Stephenville Clark Regional Airport,SEP
US,Freeman Municipal Airport,SER
US,Sedona Airport,SDX
US,Orlando Sanford International Airport,SFB
US,Felts Field,SFF
US,Sanford Seacoast Regional Airport,SFM
US,San Francisco International Airport,SFO
US,North Central State Airport,SFZ
US,Springfield Branson National Airport,SGF
US,Springfield-Beckley Municipal Airport,SGH
US,Northeast Florida Regional Airport,UST
US,Sugar Land Regional Airport,SGR
US,Stuttgart Municipal Airport / Carl Humphrey Field,SGT
US,St George Regional Airport,SGU
US,Shenandoah Valley Regional Airport,SHD
US,Sanderson Field,SHN
US,Sheridan County Airport,SHR
US,Shreveport Regional Airport,SHV
US,Sikeston Memorial Municipal Airport,SIK
US,Sullivan County Airport,SIV
US,Siskiyou County Airport,SIY
US,Norman Y. Mineta San Jose International Airport,SJC
US,St Johns Industrial Air Park,SJN
US,San Angelo Regional Mathis Field,SJT
US,Fairchild Air Force Base,SKA
US,Lackland Air Force Base,SKF
US,Taos Regional Airport,TSM
US,Storm Lake Municipal Airport,SLB
US,Salt Lake City International Airport,SLC
US,Salem-Willamette Valley Airport/McNary Field,SLE
US,Smith Field,SLG
US,Adirondack Regional Airport,SLK
US,Salina Municipal Airport,SLN
US,Salem–Leckrone Airport,SLO
US,Sulphur Springs Municipal Airport,SLR
US,Smith Field,SMD
US,Lake Cumberland Regional Airport,SME
US,Sacramento International Airport,SMF
US,Lemhi County Airport,SMN
US,Santa Monica Municipal Airport,SMO
US,Sumter Airport,SUM
US,Santa Maria Public Airport Captain G Allan Hancock Field,SMX
US,John Wayne Orange County International Airport,SNA
US,Winston Field,SNK
US,Shawnee Regional Airport,SNL
US,Salinas Municipal Airport,SNS
US,Sidney Municipal Airport Lloyd W Carr Field,SNY
US,Moore County Airport,SOP
US,Show Low Regional Airport,SOW
US,Spartanburg Downtown Memorial Airport,SPA
US,Black Hills Airport-Clyde Ice Field,SPF
US,Albert Whitted Airport,SPG
US,Abraham Lincoln Capital Airport,SPI
US,Wichita Falls Municipal Airport / Sheppard Air Force Base,SPS
US,Spencer Municipal Airport,SPW
US,Whiteside County Airport - Joseph H Bittorf Field,SQI
US,San Carlos Airport,SQL
US,Searcy Municipal Airport,SRC
US,Sarasota Bradenton International Airport,SRQ
US,Sierra Blanca Regional Airport,RUI
US,Shaw Air Force Base,SSC
US,Stinson Municipal Airport,SSF
US,St Simons Island Airport,SSI
US,Saint Cloud Regional Airport,STC
US,Stevens Point Municipal Airport,STE
US,Rosecrans Memorial Airport,STJ
US,Sterling Municipal Airport,STK
US,St. Louis Lambert International Airport,STL
US,Saint Paul Downtown Holman Field,STP
US,Charles M. Schulz Sonoma County Airport,STS
US,Witham Field,SUA
US,Stroud Municipal Airport,SUD
US,Door County Cherryland Airport,SUE
US,Friedman Memorial Airport,SUN
US,Spirit of St Louis Airport,SUS
US,Travis Air Force Base,SUU
US,Richard I Bong Memorial Airport,SUW
US,Sioux Gateway Airport / Brigadier General Bud Day Field,SUX
US,Grant County Airport,SVC
US,Susanville Municipal Airport,SVE
US,Statesville Regional Airport,SVH
US,Hunter Army Air Field,SVN
US,New York Stewart International Airport,SWF
US,Stillwater Regional Airport,SWO
US,Avenger Field,SWW
US,Bomar Field / Shelbyville Municipal Airport,SYI
US,Stanton Airfield,SYN
US,Syracuse Hancock International Airport,SYR
US,Sylvester Airport,SYV
US,Whiteman Air Force Base,SZL
US,Santa Cruz Island Airport,SZN
US,Santa Paula Airport,SZP
US,Tuba City Airport,TBC
US,Perry Stokes Airport,TAD
US,Thorne Bay Seaplane Base,KTB
US,Waynesville-St. Robert Regional Airport-Forney Field,TBN
US,Statesboro Bulloch County Airport,TBR
US,Tucumcari Municipal Airport,TCC
US,Tuscaloosa National Airport,TCL
US,McChord Air Force Base,TCM
US,Truth or Consequences Municipal Airport,TCS
US,Ed Carlson Memorial Field South Lewis County Airport,TDO
US,Tradewind Airport,TDW
US,Toledo Executive Airport,TDZ
US,Teterboro Airport,TEB
US,Telluride Regional Airport,TEX
US,Tullahoma Regional Airport William Northern Field,THA
US,Thompson Falls Airport,THM
US,York Airport,THV
US,Tinker Air Force Base,TIK
US,Tacoma Narrows Airport,TIW
US,Space Coast Regional Airport,TIX
US,Kennett Memorial Airport,KNT
US,Tallahassee Regional Airport,TLH
US,Mefford Field,TLR
US,Henry Tift Myers Airport,TMA
US,Miami Executive Airport,TMB
US,Tillamook Airport,OTK
US,Twentynine Palms Airport,TNP
US,Dade Collier Training and Transition Airport,TNT
US,Newton Municipal Airport,TNU
US,Tonopah Test Range Airport,XSD
US,Zamperini Field,TOA
US,Toccoa Airport - R.G. Letourneau Field,TOC
US,Troy Municipal Airport at N Kenneth Campbell Field,TOI
US,Eugene F. Kranz Toledo Express Airport,TOL
US,Philip Billard Municipal Airport,TOP
US,Torrington Municipal Airport,TOR
US,Tampa International Airport,TPA
US,Peter O Knight Airport,TPF
US,Tonopah Airport,TPH
US,Draughon Miller Central Texas Regional Airport,TPL
US,Tri-Cities Regional TN/VA Airport,TRI
US,Truckee Tahoe Airport,TKF
US,Terrell Municipal Airport,TRL
US,Jacqueline Cochran Regional Airport,TRM
US,Trenton Municipal Airport,TRX
US,Tehachapi Municipal Airport,TSP
US,Portland Troutdale Airport,TTD
US,Trenton Mercer Airport,TTN
US,Tulsa International Airport,TUL
US,Tupelo Regional Airport,TUP
US,Tucson International Airport / Morris Air National Guard Base,TUS
US,Cherry Capital Airport,TVC
US,Thief River Falls Regional Airport,TVF
US,Thomasville Regional Airport,TVI
US,Lake Tahoe Airport,TVL
US,Joslin Field Magic Valley Regional Airport,TWF
US,Texarkana Regional Airport (Webb Field),TXK
US,Taylor Airport,TYZ
US,Tyler Pounds Regional Airport,TYR
US,McGhee Tyson Airport,TYS
US,Bullfrog Basin Airport,BFG
US,J. Randy McKnight Nephi Municipal Airport,NPH
US,Green River Municipal Airport,RVR
US,Panguitch Municipal Airport,PNU
US,Cascade Airport,ICS
US,Columbus Lowndes County Airport,UBS
US,Everett-Stewart Regional Airport,UCY
US,Bermuda Dunes Airport,UDD
US,Waukesha County Airport,UES
US,Waukegan National Airport,UGN
US,Quillayute Airport,UIL
US,Quincy Regional Airport Baldwin Field,UIN
US,Wilkes County Airport,IKB
US,Ukiah Municipal Airport,UKI
US,Quakertown Airport,UKT
US,New Ulm Municipal Airport,ULM
US,Ohio University Airport,ATO
US,Dodge County Airport,UNU
US,State College Regional Airport,SCE
US,Franklin County Airport,UOS
US,University Oxford Airport,UOX
US,Tunica Municipal Airport,UTM
US,Huntsville Regional Airport,HTV
US,Newport State Airport,NPT
US,Garner Field,UVA
US,Rock Hill - York County Airport,RKH
US,Moody Air Force Base,VAD
US,South Jersey Regional Airport,LLY
US,Vandenberg Space Force Base,VBG
US,Victoria Regional Airport,VCT
US,Southern California Logistics Airport,VCV
US,Vidalia Regional Airport,VDI
US,Vernal Regional Airport,VEL
US,North Las Vegas Metropolitan International Airport,VGT
US,Culberson County Airport,VHN
US,Rolla National Airport,VIH
US,Visalia Municipal Airport,VIS
US,Virginia Highlands Airport,VJI
US,Vicksburg Municipal Airport,VKS
US,Vandalia Municipal Airport,VLA
US,Valdosta Regional Airport,VLD
US,Venice Municipal Airport,VNC
US,Van Nuys Airport,VNY
US,Volk Field,VOK
US,Destin-Fort Walton Beach Airport,VPS
US,Porter County Municipal Airport,VPZ
US,Cecil Airport,VQQ
US,Vero Beach Regional Airport,VRB
US,Hartness State Airport,VSF
US,Miller Field,VTN
US,Illinois Valley Regional Airport Walter A Duncan Field,VYS
US,Gettysburg Regional Airport,GTY
US,Sequim Valley Airport,SQV
US,Grant County Airport,PGC
US,Wallops Flight Facility Airport,WAL
US,Greene County Airport,WAY
US,Wilkes Barre Wyoming Valley Airport,WBW
US,Enid Woodring Regional Airport,WDG
US,Barrow County Airport,WDR
US,Parker County Airport,WEA
US,Waterfall Seaplane Base,KWF
US,Whiteman Airport,WHP
US,General William J Fox Airfield,WJF
US,Strother Field,WLD
US,Willows Glenn County Airport,WLW
US,Winnemucca Municipal Airport,WMC
US,West Point Village Seaplane Base,KWP
US,Robins Air Force Base,WRB
US,Mc Guire Air Force Base,WRI
US,Worland Municipal Airport,WRL
US,Westerly State Airport,WST
US,Watsonville Municipal Airport,WVI
US,Waterville Robert Lafleur Airport,WVL
US,Cape May County Airport,WWD
US,West Woodward Airport,WWR
US,Yellowstone Airport,WYS
US,Tampa North Aero Park Airport,KYO
US,Kasaan Seaplane Base,KXA
US,Northwest Arkansas National Airport,XNA
US,Williston Basin International Airport,XWA
US,West Branch Community Airport,WBK
US,Willow Run Airport,YIP
US,Yakima Air Terminal McAllister Field,YKM
US,Chan Gurney Municipal Airport,YKN
US,Youngstown Warren Regional Airport,YNG
US,Zachar Bay Seaplane Base,KZB
US,Zephyrhills Municipal Airport,ZPH
US,Zanesville Municipal Airport,ZZV
US,Grand Canyon Caverns Airport,PGS
US,Lowe AHP (Fort Rucker) Heliport,LOR
US,Drummond Airport,DRU
US,Ware Airport,UWA
US,Loring International Airport,LIZ
US,National Wildlife Refuge Airport,MGI
US,Hooker County Airport,MHN
US,Moses Point Airport,MOS
US,Metro Field,MTX
US,Monticello Airport,MXC
US,May Creek Airport,MYK
US,Browns Airport,EPG
US,Ninilchik Airport,NIN
US,Industrial Airpark,HBB
US,Yucca Airstrip,UCC
US,Kneeland Airport,NLN
US,Benton Field,BZF
US,Old Harbor Airport,OLH
US,Port Lions Airport,ORI
US,Atka Airport,AKB
US,Port Moller Airport,PML
US,Port Alexander Seaplane Base,PTD
US,"Warren ""Bud"" Woods Palmer Municipal Airport",PAQ
US,Casco Cove Coast Guard Station,ATU
US,Barter Island Long Range Radar Station Airport,BTI
US,Bethel Airport,BET
US,Beluga Airport,BVU
US,Allen Army Airfield,BIG
US,Buckland Airport,BKC
US,Big Mountain Airport,BMX
US,Wiley Post Will Rogers Memorial Airport,BRW
US,Bettles Airport,BTT
US,Cold Bay Airport,CDB
US,Central Airport,CEM
US,Chalkyitsik Airport,CIK
US,Chefornak Airport,CYF
US,Scammon Bay Airport,SCM
US,Circle City (New) Airport,IRC
US,Cape Sarichef Airport,WSF
US,Merle K (Mudhole) Smith Airport,CDV
US,Coldfoot Airport,CXF
US,Yakataga Airport,CYT
US,Cape Romanzof LRRS Airport,CZF
US,Deering Airport,DRG
US,Red Dog Airport,RDB
US,Adak Airport,ADK
US,Dillingham Airport,DLG
US,Marshall Don Hunter Sr Airport,MLL
US,Kodiak Airport,ADQ
US,Tom Madsen (Dutch Harbor) Airport,DUT
US,Kongiganak Airport,KKH
US,Elmendorf Air Force Base,EDF
US,Eek Airport,EEK
US,Eagle Airport,EAA
US,Cape Newenham LRRS Airport,EHM
US,Eielson Air Force Base,EIL
US,Elfin Cove Seaplane Base,ELV
US,Emmonak Airport,EMK
US,Kenai Municipal Airport,ENA
US,Mertarvik Airport,WWT
US,Fairbanks International Airport,FAI
US,Ladd Army Airfield,FBK
US,Ambler Airport,ABL
US,Bryant Army Airfield,FRN
US,Nikolai Airport,NIB
US,Edward G. Pitka Sr Airport,GAL
US,Galbraith Lake Airport,GBH
US,Kwigillingok Airport,KWK
US,Shungnak Airport,SHG
US,Gulkana Airport,GKN
US,Golovin Airport,GLV
US,Gambell Airport,GAM
US,Angoon Seaplane Base,AGN
US,Big Lake Airport,BGQ
US,Gustavus Airport,GST
US,Nightmute Airport,NME
US,Skagway Airport,SGY
US,Granite Mountain Air Station,GMT
US,Holy Cross Airport,HCR
US,Huslia Airport,HSL
US,Haines Airport,HNS
US,Homer Airport,HOM
US,Hooper Bay Airport,HPB
US,Hughes Airport,HUS
US,Shageluk Airport,SHX
US,Hydaburg Seaplane Base,HYG
US,Igiugig Airport,IGG
US,Egegik Airport,EGX
US,Bob Baker Memorial Airport,IAN
US,Iliamna Airport,ILI
US,Indian Mountain LRRS Airport,UTO
US,Denali National Park Airport,MCL
US,Wales Airport,WAA
US,Chignik Airport,KCG
US,Juneau International Airport,JNU
US,Koliganek Airport,KGK
US,Kodiak Municipal Airport,KDK
US,False Pass Airport,KFP
US,Akhiok Airport,AKK
US,Kipnuk Airport,KPN
US,Koyuk Alfred Adams Airport,KKA
US,Kulik Lake Airport,LKK
US,King Salmon Airport,AKN
US,Nikolski Air Station,IKO
US,Anaktuvuk Pass Airport,AKP
US,Ketchikan International Airport,KTN
US,Ugnu-Kuparuk Airport,UUK
US,Kaltag Airport,KAL
US,Klawock Airport,KLW
US,Karluk Airport,KYK
US,Larsen Bay Airport,KLN
US,Kalskag Airport,KLG
US,Port Alsworth Airport,PTA
US,Point Lonely Short Range Radar Site Airfield,LNI
US,Chandalar Lake Airport,WCR
US,Cape Lisburne LRRS Airport,LUR
US,Manokotak Airport,KMO
US,McGrath Airport,MCG
US,Middleton Island Airport,MDO
US,Minchumina Airport,LMA
US,St Michael Airport,SMK
US,Manley Hot Springs Airport,MLY
US,Metlakatla Seaplane Base,MTM
US,Mountain Village Airport,MOU
US,Merrill Field,MRI
US,Mc Carthy Airport,MXY
US,Mekoryuk Airport,MYU
US,Napakiak Airport,WNA
US,Ted Stevens Anchorage International Airport,ANC
US,Aniak Airport,ANI
US,Nenana Municipal Airport,ENN
US,Nondalton Airport,NNL
US,Funter Bay Seaplane Base,FNR
US,Annette Island Airport,ANN
US,Nulato Airport,NUL
US,Anvik Airport,ANV
US,New Stuyahok Airport,KNW
US,Kobuk Airport,OBU
US,Portage Creek Airport,PCA
US,Hoonah Airport,HNH
US,Nome Airport,OME
US,Toksook Bay Airport,OOK
US,Northway Airport,ORT
US,Ralph Wien Memorial Airport,OTZ
US,Nelson Lagoon Airport,NLG
US,St George Airport,STG
US,Port Clarence Coast Guard Station,KPC
US,Perryville Airport,KPV
US,Petersburg James A Johnson Airport,PSG
US,Port Heiden Airport,PTH
US,Napaskiak Airport,PKA
US,Platinum Airport,PTU
US,Pilot Point Airport,PIP
US,Point Hope Airport,PHO
US,Prospect Creek Airport,PPC
US,Quinhagak Airport,KWN
US,Nuiqsut Airport,NUI
US,Arctic Village Airport,ARC
US,Russian Mission Airport,RSH
US,Ruby Airport,RBY
US,Savoonga Airport,SVA
US,Deadhorse Airport,SCC
US,Sand Point Airport,SDP
US,Shishmaref Airport,SHH
US,Sitka Rocky Gutierrez Airport,SIT
US,Selawik Airport,WLK
US,Sleetmute Airport,SLQ
US,St Mary's Airport,KSM
US,St Paul Island Airport,SNP
US,Seldovia Airport,SOV
US,Sheep Mountain Airport,SMU
US,Summit Airport,UMM
US,Sparrevohn LRRS Airport,SVW
US,Skwentna Airport,SKW
US,Soldotna Airport,SXQ
US,Eareckson Air Station,SYA
US,Ralph M Calhoun Memorial Airport,TAL
US,Tin City Long Range Radar Station Airport,TNC
US,Teller Airport,TLA
US,Togiak Airport,TOG
US,Talkeetna Airport,TKA
US,Tatalina LRRS Airport,TLJ
US,Atqasuk Edward Burnell Sr Memorial Airport,ATK
US,Alakanuk Airport,AUK
US,Umiat Airport,UMT
US,Unalakleet Airport,UNK
US,Willow Airport,WOW
US,Akutan Airport,KQA
US,Chevak Airport,VAK
US,King Cove Airport,KVC
US,Valdez Pioneer Field,VDZ
US,Venetie Airport,VEE
US,Kivalina Airport,KVL
US,Beaver Airport,WBQ
US,Seward Airport,SWD
US,Wrangell Airport,WRG
US,Wainwright Airport,AIN
US,White Mountain Airport,WMO
US,Noatak Airport,WTK
US,Wasilla Airport,WWA
US,Yakutat Airport,YAK
US,Pelican Seaplane Base,PEC
US,Akiak Airport,AKI
US,Allakaket Airport,AET
US,Chenega Bay Airport,NCN
US,Clarks Point Airport,CLP
US,Elim Airport,ELI
US,Kasigluk Airport,KUK
US,Kokhanok Airport,KNK
US,Kotlik Airport,KOT
US,Brevig Mission Airport,KTS
US,Koyukuk Airport,KYU
US,Kwethluk Airport,KWT
US,Robert (Bob) Curtis Memorial Airport,ORV
US,Shaktoolik Airport,SKK
US,Tok Junction Airport,TKJ
US,South Naknek Number 2 Airport,WSN
US,Fort Yukon Airport,FYU
US,Port Graham Airport,PGM
US,Barking Sands Airport,BKH
US,Kawaihapai Airfield,HDH
US,Wheeler Army Airfield,HHI
US,Hana Airport,HNM
US,Hickam Air Force Base,HIK
US,Kapalua Airport,JHM
US,Kalaeloa Airport,JRF
US,Ellison Onizuka Kona International Airport at Keahole,KOA
US,Lihue Airport,LIH
US,Kalaupapa Airport,LUP
US,Molokai Airport,MKK
US,Waimea Kohala Airport,MUE
US,Kaneohe Bay MCAS (Marion E. Carl Field) Airport,NGF
US,Daniel K Inouye International Airport,HNL
US,Lanai Airport,LNY
US,Kahului International Airport,OGG
US,Port Allen Airport,PAK
US,Bradshaw Army Airfield,BSF
US,Hilo International Airport,ITO
US,Upolu Airport,UPP
US,Point Lay LRRS Airport,PIZ
US,Port Walter Seaplane Base,PWR
US,Perry Island Seaplane Base,PYL
US,Red Devil Airport,RDV
US,Rampart Airport,RMP
US,Lopez Island Airport,LPS
US,Kenmore Air Harbor LLC Seaplane Base,KEH
US,Stony River 2 Airport,SRV
US,Stevens Village Airport,SVS
US,Nunam Iqua Airport,SXP
US,Seal Bay Seaplane Base,SYB
US,Roberts Army Heliport,SYL
US,Takotna Airport,TCT
US,Tenakee Seaplane Base,TKE
US,Taku Lodge Seaplane Base,TKL
US,Tuluksak Airport,TLT
US,Tanacross Airport,TSG
US,Two Harbors Amphibious Terminal,TWH
US,Tyonek Airport,TYE
US,Dubois Municipal Airport,DBS
US,Ugashik Bay Airport,UGB
US,Cape Air Seaplanes on Boston Harbor Seaplane Base,BNH
US,Spirit Lake Municipal Airport,RTL
US,Farewell Airport,FWL
US,Corcoran Airport,CRO
US,Park Township Airport,HLM
US,Pilot Station Airport,PQS
US,Monument Valley Airport,GMV
US,Friday Harbor Seaplane Base,FBS
US,Rosario Seaplane Base,RSJ
US,Kenmore Air Harbor Seaplane Base,LKE
US,Roche Harbor Airport,RCE
US,Westsound/WSX Seaplane Base,WSX
US,Stebbins Airport,WBB
US,Decatur Shores Airport,DTR
US,Steamboat Bay Seaplane Base,WSB
US,San Juan /Uganik/ Seaplane Base,UGI
US,Wiseman Airport,WSM
US,Glendale Fokker Field,GWV
US,Miami Seaplane Base,MPB
US,Waukon Municipal Airport,UKN
US,Akiachak Airport,KKI
US,Bear Creek 3 Airport,BCC
US,Bethel Seaplane Base,JBT
US,Cape Pole Seaplane Base,CZP
US,Chignik Bay Seaplane Base,KBW
US,Birch Creek Airport,KBC
US,Copper Center 2 Airport,CZC
US,Nyac Airport,ZNC